id,scheme_or_scope,source_type,publisher,faq_coverage,url
1,HDFC Large Cap Fund,Scheme page,HDFC Mutual Fund,"Core scheme facts: TER, minimum SIP, riskometer, benchmark, exit load",https://www.hdfcfund.com/explore/mutual-funds/hdfc-large-cap-fund/regular
2,HDFC Flexi Cap Fund,Scheme page,HDFC Mutual Fund,"Core scheme facts: TER, minimum SIP, riskometer, benchmark, exit load",https://www.hdfcfund.com/explore/mutual-funds/hdfc-flexi-cap-fund/direct
3,HDFC ELSS Tax Saver Fund,Scheme page,HDFC Mutual Fund,"Core scheme facts: TER, minimum SIP, lock-in, riskometer, benchmark, exit load",https://www.hdfcfund.com/explore/mutual-funds/hdfc-elss-tax-saver-fund/direct
4,HDFC Small Cap Fund,Scheme page,HDFC Mutual Fund,"Core scheme facts: TER, minimum investment, riskometer, benchmark, exit load",https://www.hdfcfund.com/explore/mutual-funds/hdfc-small-cap-fund/regular
5,HDFC Balanced Advantage Fund,Scheme page,HDFC Mutual Fund,"Core scheme facts: TER, minimum SIP, riskometer, benchmark, exit load",https://www.hdfcfund.com/explore/mutual-funds/hdfc-balanced-advantage-fund/direct
6,HDFC Large Cap Fund,KIM,HDFC Mutual Fund,"Scheme summary, benchmark, minimum application, load structure, riskometer",https://files.hdfcfund.com/s3fs-public/KIM/2025-11/KIM%20-%20HDFC%20Large%20Cap%20Fund%20dated%20November%2021%2C%202025_0.pdf
7,HDFC Flexi Cap Fund,KIM,HDFC Mutual Fund,"Scheme summary, benchmark, minimum application, load structure, riskometer",https://files.hdfcfund.com/s3fs-public/KIM/2025-11/KIM%20-%20HDFC%20Flexi%20Cap%20Fund%20dated%20November%2021%2C%202025_1.pdf
8,HDFC ELSS Tax Saver Fund,KIM,HDFC Mutual Fund,"Scheme summary, lock-in, benchmark, minimum application, load structure, riskometer",https://files.hdfcfund.com/s3fs-public/KIM/2025-11/KIM%20-%20HDFC%20ELSS%20Tax%20Saver%20dated%20November%2021%2C%202025_0.pdf
9,HDFC Small Cap Fund,KIM,HDFC Mutual Fund,"Scheme summary, benchmark, minimum application, load structure, riskometer",https://files.hdfcfund.com/s3fs-public/KIM/2025-11/KIM%20-%20HDFC%20Small%20Cap%20Fund%20dated%20November%2021%2C%202025_0.pdf
10,HDFC Balanced Advantage Fund,KIM,HDFC Mutual Fund,"Scheme summary, benchmark, minimum application, load structure, riskometer",https://files.hdfcfund.com/s3fs-public/KIM/2025-11/KIM%20-%20HDFC%20Balanced%20Advantage%20Fund%20dated%20November%2021%2C%202025_0.pdf
11,HDFC Large Cap Fund,Fund Facts,HDFC Mutual Fund,"Current fund facts, benchmark, exit load, riskometer and scheme profile",https://files.hdfcfund.com/s3fs-public/Others/2026-09/Fund%20Facts%20-%20HDFC%20Large%20Cap%20Fund_August%2026.pdf
12,HDFC Flexi Cap Fund,Fund Facts,HDFC Mutual Fund,Current fund facts and scheme profile,https://files.hdfcfund.com/s3fs-public/Others/2026-09/Fund%20Facts%20-%20HDFC%20Flexi%20Cap%20Fund_September%2026_0.pdf
13,HDFC ELSS Tax Saver Fund,Fund Facts,HDFC Mutual Fund,"Current fund facts, scheme profile and risk information",https://files.hdfcfund.com/s3fs-public/Others/2026-07/Fund%20Facts%20-%20HDFC%20TaxSaver%20Fund_July%2026.pdf
14,HDFC Small Cap Fund,Fund Facts,HDFC Mutual Fund,"Current fund facts, benchmark, exit load and risk information",https://files.hdfcfund.com/s3fs-public/Others/2026-09/Fund%20Facts%20-%20HDFC%20Small%20Cap%20Fund_August%2026.pdf
15,HDFC Balanced Advantage Fund,Fund Facts,HDFC Mutual Fund,Current fund facts and scheme profile,https://files.hdfcfund.com/s3fs-public/Others/2026-09/Fund%20Facts%20-%20HDFC%20Balanced%20Advantage%20Fund_September%2026.pdf
16,All HDFC Mutual Fund investors,Statement service,HDFC Mutual Fund,"How to request account, dividend, exit-load, capital-gains and consolidated statements",https://www.hdfcfund.com/services/additional-info/request-statement
17,All HDFC Mutual Fund investors,Consolidated Account Statement,HDFC Mutual Fund,"Account statement definition, download process and FAQs",https://www.hdfcfund.com/services/consolidated-account-statement
